event_id;day;event;who;from;to;success
1;1;visit;a0;1;6;1
2;1;visit;a1;2;2;1
3;1;visit;a2;3;3;1
4;1;visit;a3;4;3;1
5;1;visit;a4;5;6;1
6;1;visit;a5;6;1;1
7;2;visit;a0;6;6;1
8;2;visit;a1;2;3;1
9;2;visit;a2;3;3;1
10;2;visit;a3;3;2;1
11;2;visit;a4;6;1;1
12;2;visit;a5;1;1;1
13;3;visit;a0;6;5;1
14;3;visit;a1;3;4;1
15;3;visit;a2;3;3;1
16;3;visit;a3;2;3;1
17;3;visit;a4;1;6;1
18;3;visit;a5;1;2;1
19;4;visit;a0;5;6;1
20;4;visit;a1;4;5;1
21;4;visit;a2;3;2;1
22;4;visit;a3;3;2;1
23;4;visit;a4;6;5;1
24;4;visit;a5;2;3;1
25;5;visit;a0;6;1;1
26;5;visit;a1;5;4;1
27;5;visit;a2;2;2;1
28;5;visit;a3;2;2;1
29;5;visit;a4;5;4;1
30;5;visit;a5;3;2;1
31;6;visit;a0;1;1;1
32;6;visit;a1;4;4;1
33;6;visit;a2;2;3;1
34;6;visit;a3;2;3;1
35;6;visit;a4;4;3;1
36;6;visit;a5;2;1;1
37;7;visit;a0;1;2;1
38;7;visit;a1;4;4;1
39;7;visit;a2;3;4;1
40;7;visit;a3;3;4;1
41;7;visit;a4;3;4;1
42;7;visit;a5;1;6;1
43;8;visit;a0;2;3;1
44;8;visit;a1;4;4;1
45;8;visit;a2;4;5;1
46;8;visit;a3;4;5;1
47;8;visit;a4;4;3;1
48;8;visit;a5;6;1;1
49;9;visit;a0;3;3;1
50;9;visit;a1;4;4;1
51;9;visit;a2;5;5;1
52;9;visit;a3;5;6;1
53;9;visit;a4;3;4;1
54;9;visit;a5;1;2;1
55;10;visit;a0;3;4;1
56;10;visit;a1;4;3;1
57;10;visit;a2;5;6;1
58;10;visit;a3;6;1;1
59;10;visit;a4;4;5;1
60;10;visit;a5;2;3;1
61;11;visit;a0;4;5;1
62;11;visit;a1;3;4;1
63;11;visit;a2;6;5;1
64;11;visit;a3;1;6;1
65;11;visit;a4;5;4;1
66;11;visit;a5;3;4;1
67;12;visit;a0;5;4;1
68;12;visit;a1;4;3;1
69;12;visit;a2;5;5;1
70;12;visit;a3;6;5;1
71;12;visit;a4;4;3;1
72;12;visit;a5;4;5;1
73;13;visit;a0;4;3;1
74;13;visit;a1;3;4;1
75;13;visit;a2;5;4;1
76;13;visit;a3;5;6;1
77;13;visit;a4;3;4;1
78;13;visit;a5;5;4;1
79;14;visit;a0;3;3;1
80;14;visit;a1;4;5;1
81;14;visit;a2;4;3;1
82;14;visit;a3;6;6;1
83;14;visit;a4;4;4;1
84;14;visit;a5;4;5;1
85;15;visit;a0;3;2;1
86;15;visit;a1;5;6;1
87;15;visit;a2;3;2;1
88;15;visit;a3;6;5;1
89;15;visit;a4;4;4;1
90;15;visit;a5;5;5;1
91;16;visit;a0;2;2;1
92;16;visit;a1;6;1;1
93;16;visit;a2;2;1;1
94;16;visit;a3;5;4;1
95;16;visit;a4;4;4;1
96;16;visit;a5;5;4;1
97;17;visit;a0;2;3;1
98;17;visit;a1;1;2;1
99;17;visit;a2;1;6;1
100;17;visit;a3;4;4;1
101;17;visit;a4;4;5;1
102;17;visit;a5;4;3;1
103;18;visit;a0;3;2;1
104;18;visit;a1;2;3;1
105;18;visit;a2;6;5;1
106;18;visit;a3;4;4;1
107;18;visit;a4;5;5;1
108;18;visit;a5;3;2;1
109;19;visit;a0;2;3;1
110;19;visit;a1;3;2;1
111;19;visit;a2;5;5;1
112;19;visit;a3;4;4;1
113;19;visit;a4;5;5;1
114;19;visit;a5;2;3;1
115;20;visit;a0;3;2;1
116;20;visit;a1;2;2;1
117;20;visit;a2;5;4;1
118;20;visit;a3;4;3;1
119;20;visit;a4;5;5;1
120;20;visit;a5;3;2;1
121;21;visit;a0;2;2;1
122;21;visit;a1;2;3;1
123;21;visit;a2;4;4;1
124;21;visit;a3;3;3;1
125;21;visit;a4;5;4;1
126;21;visit;a5;2;3;1
127;22;visit;a0;2;2;1
128;22;visit;a1;3;4;1
129;22;visit;a2;4;5;1
130;22;visit;a3;3;2;1
131;22;visit;a4;4;3;1
132;22;visit;a5;3;2;1
133;23;visit;a0;2;2;1
134;23;visit;a1;4;3;1
135;23;visit;a2;5;5;1
136;23;visit;a3;2;1;1
137;23;visit;a4;3;2;1
138;23;visit;a5;2;2;1
139;24;visit;a0;2;1;1
140;24;visit;a1;3;3;1
141;24;visit;a2;5;4;1
142;24;visit;a3;1;1;1
143;24;visit;a4;2;3;1
144;24;visit;a5;2;2;1
145;25;visit;a0;1;6;1
146;25;visit;a1;3;4;1
147;25;visit;a2;4;3;1
148;25;visit;a3;1;6;1
149;25;visit;a4;3;3;1
150;25;visit;a5;2;1;1
151;26;visit;a0;6;6;1
152;26;visit;a1;4;4;1
153;26;visit;a2;3;3;1
154;26;visit;a3;6;5;1
155;26;visit;a4;3;2;1
156;26;visit;a5;1;2;1
157;27;visit;a0;6;6;1
158;27;visit;a1;4;5;1
159;27;visit;a2;3;2;1
160;27;visit;a3;5;6;1
161;27;visit;a4;2;1;1
162;27;visit;a5;2;1;1
163;28;visit;a0;6;1;1
164;28;visit;a1;5;6;1
165;28;visit;a2;2;2;1
166;28;visit;a3;6;1;1
167;28;visit;a4;1;6;1
168;28;visit;a5;1;6;1
169;29;visit;a0;1;6;1
170;29;visit;a1;6;5;1
171;29;visit;a2;2;1;1
172;29;visit;a3;1;6;1
173;29;visit;a4;6;1;1
174;29;visit;a5;6;5;1
175;30;visit;a0;6;5;1
176;30;visit;a1;5;6;1
177;30;visit;a2;1;1;1
178;30;visit;a3;6;5;1
179;30;visit;a4;1;1;1
180;30;visit;a5;5;4;1
181;31;visit;a0;5;4;1
182;31;visit;a1;6;1;1
183;31;visit;a2;1;1;1
184;31;visit;a3;5;4;1
185;31;visit;a4;1;1;1
186;31;visit;a5;4;3;1
187;32;visit;a0;4;4;1
188;32;visit;a1;1;6;1
189;32;visit;a2;1;2;1
190;32;visit;a3;4;3;1
191;32;visit;a4;1;1;1
192;32;visit;a5;3;3;1
193;33;visit;a0;4;4;1
194;33;visit;a1;6;6;1
195;33;visit;a2;2;3;1
196;33;visit;a3;3;4;1
197;33;visit;a4;1;1;1
198;33;visit;a5;3;4;1
199;34;visit;a0;4;5;1
200;34;visit;a1;6;5;1
201;34;visit;a2;3;4;1
202;34;visit;a3;4;3;1
203;34;visit;a4;1;6;1
204;34;visit;a5;4;3;1
205;35;visit;a0;5;4;1
206;35;visit;a1;5;4;1
207;35;visit;a2;4;5;1
208;35;visit;a3;3;4;1
209;35;visit;a4;6;1;1
210;35;visit;a5;3;4;1
211;36;visit;a0;4;3;1
212;36;visit;a1;4;3;1
213;36;visit;a2;5;6;1
214;36;visit;a3;4;4;1
215;36;visit;a4;1;6;1
216;36;visit;a5;4;4;1
217;37;visit;a0;3;3;1
218;37;visit;a1;3;4;1
219;37;visit;a2;6;6;1
220;37;visit;a3;4;4;1
221;37;visit;a4;6;6;1
222;37;visit;a5;4;5;1
223;38;visit;a0;3;3;1
224;38;visit;a1;4;3;1
225;38;visit;a2;6;6;1
226;38;visit;a3;4;4;1
227;38;visit;a4;6;1;1
228;38;visit;a5;5;6;1
229;39;visit;a0;3;3;1
230;39;visit;a1;3;4;1
231;39;visit;a2;6;5;1
232;39;visit;a3;4;4;1
233;39;visit;a4;1;1;1
234;39;visit;a5;6;5;1
235;40;visit;a0;3;4;1
236;40;visit;a1;4;4;1
237;40;visit;a2;5;5;1
238;40;visit;a3;4;5;1
239;40;visit;a4;1;1;1
240;40;visit;a5;5;6;1
241;41;visit;a0;4;4;1
242;41;visit;a1;4;3;1
243;41;visit;a2;5;6;1
244;41;visit;a3;5;6;1
245;41;visit;a4;1;6;1
246;41;visit;a5;6;5;1
247;42;visit;a0;4;5;1
248;42;visit;a1;3;4;1
249;42;visit;a2;6;6;1
250;42;visit;a3;6;5;1
251;42;visit;a4;6;5;1
252;42;visit;a5;5;6;1
253;43;visit;a0;5;6;1
254;43;visit;a1;4;4;1
255;43;visit;a2;6;6;1
256;43;visit;a3;5;6;1
257;43;visit;a4;5;6;1
258;43;visit;a5;6;5;1
259;44;visit;a0;6;1;1
260;44;visit;a1;4;5;1
261;44;visit;a2;6;1;1
262;44;visit;a3;6;5;1
263;44;visit;a4;6;1;1
264;44;visit;a5;5;6;1
265;45;visit;a0;1;6;1
266;45;visit;a1;5;4;1
267;45;visit;a2;1;2;1
268;45;visit;a3;5;5;1
269;45;visit;a4;1;1;1
270;45;visit;a5;6;1;1
271;46;visit;a0;6;6;1
272;46;visit;a1;4;5;1
273;46;visit;a2;2;2;1
274;46;visit;a3;5;5;1
275;46;visit;a4;1;6;1
276;46;visit;a5;1;6;1
277;47;visit;a0;6;1;1
278;47;visit;a1;5;5;1
279;47;visit;a2;2;2;1
280;47;visit;a3;5;5;1
281;47;visit;a4;6;1;1
282;47;visit;a5;6;6;1
283;48;visit;a0;1;2;1
284;48;visit;a1;5;6;1
285;48;visit;a2;2;2;1
286;48;visit;a3;5;5;1
287;48;visit;a4;1;1;1
288;48;visit;a5;6;6;1
289;49;visit;a0;2;2;1
290;49;visit;a1;6;6;1
291;49;visit;a2;2;3;1
292;49;visit;a3;5;4;1
293;49;visit;a4;1;1;1
294;49;visit;a5;6;1;1
295;50;visit;a0;2;3;1
296;50;visit;a1;6;6;1
297;50;visit;a2;3;4;1
298;50;visit;a3;4;5;1
299;50;visit;a4;1;2;1
300;50;visit;a5;1;6;1
301;51;visit;a0;3;3;1
302;51;visit;a1;6;1;1
303;51;visit;a2;4;4;1
304;51;visit;a3;5;6;1
305;51;visit;a4;2;1;1
306;51;visit;a5;6;5;1
307;52;visit;a0;3;2;1
308;52;visit;a1;1;1;1
309;52;visit;a2;4;5;1
310;52;visit;a3;6;1;1
311;52;visit;a4;1;2;1
312;52;visit;a5;5;5;1
313;53;visit;a0;2;1;1
314;53;visit;a1;1;2;1
315;53;visit;a2;5;4;1
316;53;visit;a3;1;1;1
317;53;visit;a4;2;2;1
318;53;visit;a5;5;4;1
319;54;visit;a0;1;2;1
320;54;visit;a1;2;1;1
321;54;visit;a2;4;5;1
322;54;visit;a3;1;1;1
323;54;visit;a4;2;2;1
324;54;visit;a5;4;3;1
325;55;visit;a0;2;2;1
326;55;visit;a1;1;1;1
327;55;visit;a2;5;6;1
328;55;visit;a3;1;6;1
329;55;visit;a4;2;3;1
330;55;visit;a5;3;2;1
331;56;visit;a0;2;1;1
332;56;visit;a1;1;1;1
333;56;visit;a2;6;6;1
334;56;visit;a3;6;5;1
335;56;visit;a4;3;2;1
336;56;visit;a5;2;3;1
337;57;visit;a0;1;6;1
338;57;visit;a1;1;6;1
339;57;visit;a2;6;1;1
340;57;visit;a3;5;5;1
341;57;visit;a4;2;1;1
342;57;visit;a5;3;2;1
343;58;visit;a0;6;1;1
344;58;visit;a1;6;6;1
345;58;visit;a2;1;6;1
346;58;visit;a3;5;5;1
347;58;visit;a4;1;6;1
348;58;visit;a5;2;3;1
349;59;visit;a0;1;2;1
350;59;visit;a1;6;5;1
351;59;visit;a2;6;6;1
352;59;visit;a3;5;4;1
353;59;visit;a4;6;1;1
354;59;visit;a5;3;3;1
355;60;visit;a0;2;2;1
356;60;visit;a1;5;4;1
357;60;visit;a2;6;6;1
358;60;visit;a3;4;4;1
359;60;visit;a4;1;6;1
360;60;visit;a5;3;4;1
361;61;visit;a0;2;1;1
362;61;visit;a1;4;5;1
363;61;visit;a2;6;5;1
364;61;visit;a3;4;5;1
365;61;visit;a4;6;5;1
366;61;visit;a5;4;5;1
367;62;visit;a0;1;6;1
368;62;visit;a1;5;5;1
369;62;visit;a2;5;6;1
370;62;visit;a3;5;6;1
371;62;visit;a4;5;6;1
372;62;visit;a5;5;6;1
373;63;visit;a0;6;6;1
374;63;visit;a1;5;6;1
375;63;visit;a2;6;1;1
376;63;visit;a3;6;6;1
377;63;visit;a4;6;5;1
378;63;visit;a5;6;1;1
379;64;visit;a0;6;6;1
380;64;visit;a1;6;5;1
381;64;visit;a2;1;6;1
382;64;visit;a3;6;1;1
383;64;visit;a4;5;5;1
384;64;visit;a5;1;6;1
385;65;visit;a0;6;5;1
386;65;visit;a1;5;6;1
387;65;visit;a2;6;6;1
388;65;visit;a3;1;1;1
389;65;visit;a4;5;6;1
390;65;visit;a5;6;5;1
391;66;visit;a0;5;5;1
392;66;visit;a1;6;5;1
393;66;visit;a2;6;5;1
394;66;visit;a3;1;2;1
395;66;visit;a4;6;1;1
396;66;visit;a5;5;4;1
397;67;visit;a0;5;4;1
398;67;visit;a1;5;6;1
399;67;visit;a2;5;4;1
400;67;visit;a3;2;2;1
401;67;visit;a4;1;2;1
402;67;visit;a5;4;5;1
403;68;visit;a0;4;3;1
404;68;visit;a1;6;6;1
405;68;visit;a2;4;5;1
406;68;visit;a3;2;2;1
407;68;visit;a4;2;2;1
408;68;visit;a5;5;5;1
409;69;visit;a0;3;2;1
410;69;visit;a1;6;1;1
411;69;visit;a2;5;6;1
412;69;visit;a3;2;2;1
413;69;visit;a4;2;2;1
414;69;visit;a5;5;5;1
415;70;visit;a0;2;2;1
416;70;visit;a1;1;2;1
417;70;visit;a2;6;5;1
418;70;visit;a3;2;1;1
419;70;visit;a4;2;2;1
420;70;visit;a5;5;6;1
421;71;visit;a0;2;3;1
422;71;visit;a1;2;1;1
423;71;visit;a2;5;4;1
424;71;visit;a3;1;6;1
425;71;visit;a4;2;3;1
426;71;visit;a5;6;1;1
427;72;visit;a0;3;2;1
428;72;visit;a1;1;1;1
429;72;visit;a2;4;3;1
430;72;visit;a3;6;1;1
431;72;visit;a4;3;3;1
432;72;visit;a5;1;1;1
433;73;visit;a0;2;2;1
434;73;visit;a1;1;1;1
435;73;visit;a2;3;3;1
436;73;visit;a3;1;1;1
437;73;visit;a4;3;3;1
438;73;visit;a5;1;6;1
439;74;visit;a0;2;3;1
440;74;visit;a1;1;2;1
441;74;visit;a2;3;3;1
442;74;visit;a3;1;1;1
443;74;visit;a4;3;4;1
444;74;visit;a5;6;5;1
445;75;visit;a0;3;2;1
446;75;visit;a1;2;1;1
447;75;visit;a2;3;3;1
448;75;visit;a3;1;6;1
449;75;visit;a4;4;3;1
450;75;visit;a5;5;4;1
451;76;visit;a0;2;2;1
452;76;visit;a1;1;2;1
453;76;visit;a2;3;4;1
454;76;visit;a3;6;1;1
455;76;visit;a4;3;4;1
456;76;visit;a5;4;5;1
457;77;visit;a0;2;1;1
458;77;visit;a1;2;1;1
459;77;visit;a2;4;5;1
460;77;visit;a3;1;2;1
461;77;visit;a4;4;5;1
462;77;visit;a5;5;5;1
463;78;visit;a0;1;1;1
464;78;visit;a1;1;1;1
465;78;visit;a2;5;5;1
466;78;visit;a3;2;2;1
467;78;visit;a4;5;5;1
468;78;visit;a5;5;6;1
469;79;visit;a0;1;2;1
470;79;visit;a1;1;2;1
471;79;visit;a2;5;6;1
472;79;visit;a3;2;1;1
473;79;visit;a4;5;6;1
474;79;visit;a5;6;1;1
475;80;visit;a0;2;2;1
476;80;visit;a1;2;1;1
477;80;visit;a2;6;1;1
478;80;visit;a3;1;1;1
479;80;visit;a4;6;6;1
480;80;visit;a5;1;2;1
481;81;visit;a0;2;2;1
482;81;visit;a1;1;6;1
483;81;visit;a2;1;6;1
484;81;visit;a3;1;6;1
485;81;visit;a4;6;1;1
486;81;visit;a5;2;2;1
487;82;visit;a0;2;3;1
488;82;visit;a1;6;6;1
489;82;visit;a2;6;6;1
490;82;visit;a3;6;5;1
491;82;visit;a4;1;2;1
492;82;visit;a5;2;3;1
493;83;visit;a0;3;4;1
494;83;visit;a1;6;6;1
495;83;visit;a2;6;6;1
496;83;visit;a3;5;5;1
497;83;visit;a4;2;2;1
498;83;visit;a5;3;2;1
499;84;visit;a0;4;4;1
500;84;visit;a1;6;5;1
501;84;visit;a2;6;6;1
502;84;visit;a3;5;4;1
503;84;visit;a4;2;3;1
504;84;visit;a5;2;2;1
505;85;visit;a0;4;5;1
506;85;visit;a1;5;5;1
507;85;visit;a2;6;6;1
508;85;visit;a3;4;3;1
509;85;visit;a4;3;4;1
510;85;visit;a5;2;2;1
511;86;visit;a0;5;5;1
512;86;visit;a1;5;6;1
513;86;visit;a2;6;1;1
514;86;visit;a3;3;2;1
515;86;visit;a4;4;4;1
516;86;visit;a5;2;3;1
517;87;visit;a0;5;5;1
518;87;visit;a1;6;6;1
519;87;visit;a2;1;6;1
520;87;visit;a3;2;3;1
521;87;visit;a4;4;5;1
522;87;visit;a5;3;3;1
523;88;visit;a0;5;4;1
524;88;visit;a1;6;1;1
525;88;visit;a2;6;1;1
526;88;visit;a3;3;3;1
527;88;visit;a4;5;6;1
528;88;visit;a5;3;4;1
529;89;visit;a0;4;3;1
530;89;visit;a1;1;6;1
531;89;visit;a2;1;2;1
532;89;visit;a3;3;4;1
533;89;visit;a4;6;1;1
534;89;visit;a5;4;5;1
535;90;visit;a0;3;2;1
536;90;visit;a1;6;6;1
537;90;visit;a2;2;2;1
538;90;visit;a3;4;5;1
539;90;visit;a4;1;6;1
540;90;visit;a5;5;4;1
541;91;visit;a0;2;1;1
542;91;visit;a1;6;1;1
543;91;visit;a2;2;1;1
544;91;visit;a3;5;4;1
545;91;visit;a4;6;5;1
546;91;visit;a5;4;3;1
547;92;visit;a0;1;6;1
548;92;visit;a1;1;2;1
549;92;visit;a2;1;1;1
550;92;visit;a3;4;5;1
551;92;visit;a4;5;4;1
552;92;visit;a5;3;2;1
553;93;visit;a0;6;5;1
554;93;visit;a1;2;1;1
555;93;visit;a2;1;1;1
556;93;visit;a3;5;5;1
557;93;visit;a4;4;5;1
558;93;visit;a5;2;3;1
559;94;visit;a0;5;4;1
560;94;visit;a1;1;1;1
561;94;visit;a2;1;6;1
562;94;visit;a3;5;4;1
563;94;visit;a4;5;4;1
564;94;visit;a5;3;2;1
565;95;visit;a0;4;4;1
566;95;visit;a1;1;6;1
567;95;visit;a2;6;1;1
568;95;visit;a3;4;3;1
569;95;visit;a4;4;4;1
570;95;visit;a5;2;3;1
571;96;visit;a0;4;4;1
572;96;visit;a1;6;1;1
573;96;visit;a2;1;1;1
574;96;visit;a3;3;4;1
575;96;visit;a4;4;5;1
576;96;visit;a5;3;4;1
577;97;visit;a0;4;3;1
578;97;visit;a1;1;2;1
579;97;visit;a2;1;2;1
580;97;visit;a3;4;3;1
581;97;visit;a4;5;4;1
582;97;visit;a5;4;5;1
583;98;visit;a0;3;4;1
584;98;visit;a1;2;3;1
585;98;visit;a2;2;3;1
586;98;visit;a3;3;3;1
587;98;visit;a4;4;4;1
588;98;visit;a5;5;5;1
589;99;visit;a0;4;4;1
590;99;visit;a1;3;3;1
591;99;visit;a2;3;4;1
592;99;visit;a3;3;3;1
593;99;visit;a4;4;3;1
594;99;visit;a5;5;5;1
595;100;visit;a0;4;3;1
596;100;visit;a1;3;3;1
597;100;visit;a2;4;4;1
598;100;visit;a3;3;4;1
599;100;visit;a4;3;4;1
600;100;visit;a5;5;6;1
601;101;visit;a0;3;2;1
602;101;visit;a1;3;4;1
603;101;visit;a2;4;3;1
604;101;visit;a3;4;4;1
605;101;visit;a4;4;3;1
606;101;visit;a5;6;5;1
607;102;visit;a0;2;1;1
608;102;visit;a1;4;4;1
609;102;visit;a2;3;3;1
610;102;visit;a3;4;5;1
611;102;visit;a4;3;3;1
612;102;visit;a5;5;5;1
613;103;visit;a0;1;2;1
614;103;visit;a1;4;3;1
615;103;visit;a2;3;3;1
616;103;visit;a3;5;5;1
617;103;visit;a4;3;2;1
618;103;visit;a5;5;5;1
619;104;visit;a0;2;3;1
620;104;visit;a1;3;2;1
621;104;visit;a2;3;3;1
622;104;visit;a3;5;6;1
623;104;visit;a4;2;2;1
624;104;visit;a5;5;6;1
625;105;visit;a0;3;4;1
626;105;visit;a1;2;3;1
627;105;visit;a2;3;3;1
628;105;visit;a3;6;6;1
629;105;visit;a4;2;1;1
630;105;visit;a5;6;6;1
631;106;visit;a0;4;3;1
632;106;visit;a1;3;4;1
633;106;visit;a2;3;3;1
634;106;visit;a3;6;1;1
635;106;visit;a4;1;1;1
636;106;visit;a5;6;1;1
637;107;visit;a0;3;3;1
638;107;visit;a1;4;4;1
639;107;visit;a2;3;2;1
640;107;visit;a3;1;2;1
641;107;visit;a4;1;6;1
642;107;visit;a5;1;6;1
643;108;visit;a0;3;3;1
644;108;visit;a1;4;3;1
645;108;visit;a2;2;1;1
646;108;visit;a3;2;2;1
647;108;visit;a4;6;6;1
648;108;visit;a5;6;6;1
649;109;visit;a0;3;3;1
650;109;visit;a1;3;4;1
651;109;visit;a2;1;2;1
652;109;visit;a3;2;1;1
653;109;visit;a4;6;6;1
654;109;visit;a5;6;6;1
655;110;visit;a0;3;4;1
656;110;visit;a1;4;3;1
657;110;visit;a2;2;2;1
658;110;visit;a3;1;1;1
659;110;visit;a4;6;6;1
660;110;visit;a5;6;5;1
661;111;visit;a0;4;5;1
662;111;visit;a1;3;4;1
663;111;visit;a2;2;3;1
664;111;visit;a3;1;1;1
665;111;visit;a4;6;6;1
666;111;visit;a5;5;5;1
667;112;visit;a0;5;6;1
668;112;visit;a1;4;5;1
669;112;visit;a2;3;2;1
670;112;visit;a3;1;1;1
671;112;visit;a4;6;5;1
672;112;visit;a5;5;6;1
673;113;visit;a0;6;6;1
674;113;visit;a1;5;4;1
675;113;visit;a2;2;1;1
676;113;visit;a3;1;1;1
677;113;visit;a4;5;4;1
678;113;visit;a5;6;5;1
679;114;visit;a0;6;5;1
680;114;visit;a1;4;5;1
681;114;visit;a2;1;2;1
682;114;visit;a3;1;2;1
683;114;visit;a4;4;5;1
684;114;visit;a5;5;4;1
685;115;visit;a0;5;5;1
686;115;visit;a1;5;6;1
687;115;visit;a2;2;2;1
688;115;visit;a3;2;3;1
689;115;visit;a4;5;4;1
690;115;visit;a5;4;3;1
691;116;visit;a0;5;6;1
692;116;visit;a1;6;5;1
693;116;visit;a2;2;1;1
694;116;visit;a3;3;2;1
695;116;visit;a4;4;3;1
696;116;visit;a5;3;3;1
697;117;visit;a0;6;1;1
698;117;visit;a1;5;5;1
699;117;visit;a2;1;2;1
700;117;visit;a3;2;3;1
701;117;visit;a4;3;4;1
702;117;visit;a5;3;2;1
703;118;visit;a0;1;1;1
704;118;visit;a1;5;4;1
705;118;visit;a2;2;2;1
706;118;visit;a3;3;4;1
707;118;visit;a4;4;4;1
708;118;visit;a5;2;3;1
709;119;visit;a0;1;2;1
710;119;visit;a1;4;4;1
711;119;visit;a2;2;3;1
712;119;visit;a3;4;4;1
713;119;visit;a4;4;3;1
714;119;visit;a5;3;3;1
715;120;visit;a0;2;3;1
716;120;visit;a1;4;5;1
717;120;visit;a2;3;3;1
718;120;visit;a3;4;3;1
719;120;visit;a4;3;2;1
720;120;visit;a5;3;3;1
721;121;visit;a0;3;3;1
722;121;visit;a1;5;5;1
723;121;visit;a2;3;4;1
724;121;visit;a3;3;3;1
725;121;visit;a4;2;1;1
726;121;visit;a5;3;3;1
727;122;visit;a0;3;4;1
728;122;visit;a1;5;6;1
729;122;visit;a2;4;3;1
730;122;visit;a3;3;4;1
731;122;visit;a4;1;1;1
732;122;visit;a5;3;3;1
733;123;visit;a0;4;5;1
734;123;visit;a1;6;5;1
735;123;visit;a2;3;2;1
736;123;visit;a3;4;4;1
737;123;visit;a4;1;6;1
738;123;visit;a5;3;4;1
739;124;visit;a0;5;6;1
740;124;visit;a1;5;5;1
741;124;visit;a2;2;2;1
742;124;visit;a3;4;3;1
743;124;visit;a4;6;6;1
744;124;visit;a5;4;3;1
745;125;visit;a0;6;5;1
746;125;visit;a1;5;6;1
747;125;visit;a2;2;3;1
748;125;visit;a3;3;2;1
749;125;visit;a4;6;1;1
750;125;visit;a5;3;3;1
751;126;visit;a0;5;4;1
752;126;visit;a1;6;6;1
753;126;visit;a2;3;4;1
754;126;visit;a3;2;2;1
755;126;visit;a4;1;6;1
756;126;visit;a5;3;2;1
757;127;visit;a0;4;5;1
758;127;visit;a1;6;6;1
759;127;visit;a2;4;4;1
760;127;visit;a3;2;2;1
761;127;visit;a4;6;1;1
762;127;visit;a5;2;3;1
763;128;visit;a0;5;5;1
764;128;visit;a1;6;1;1
765;128;visit;a2;4;4;1
766;128;visit;a3;2;3;1
767;128;visit;a4;1;1;1
768;128;visit;a5;3;4;1
769;129;visit;a0;5;6;1
770;129;visit;a1;1;1;1
771;129;visit;a2;4;3;1
772;129;visit;a3;3;3;1
773;129;visit;a4;1;1;1
774;129;visit;a5;4;4;1
775;130;visit;a0;6;5;1
776;130;visit;a1;1;2;1
777;130;visit;a2;3;2;1
778;130;visit;a3;3;3;1
779;130;visit;a4;1;2;1
780;130;visit;a5;4;5;1
781;131;visit;a0;5;5;1
782;131;visit;a1;2;1;1
783;131;visit;a2;2;1;1
784;131;visit;a3;3;2;1
785;131;visit;a4;2;1;1
786;131;visit;a5;5;5;1
787;132;visit;a0;5;4;1
788;132;visit;a1;1;6;1
789;132;visit;a2;1;2;1
790;132;visit;a3;2;2;1
791;132;visit;a4;1;6;1
792;132;visit;a5;5;5;1
793;133;visit;a0;4;3;1
794;133;visit;a1;6;6;1
795;133;visit;a2;2;1;1
796;133;visit;a3;2;1;1
797;133;visit;a4;6;5;1
798;133;visit;a5;5;5;1
799;134;visit;a0;3;3;1
800;134;visit;a1;6;5;1
801;134;visit;a2;1;1;1
802;134;visit;a3;1;1;1
803;134;visit;a4;5;5;1
804;134;visit;a5;5;4;1
805;135;visit;a0;3;4;1
806;135;visit;a1;5;6;1
807;135;visit;a2;1;1;1
808;135;visit;a3;1;6;1
809;135;visit;a4;5;4;1
810;135;visit;a5;4;4;1
811;136;visit;a0;4;3;1
812;136;visit;a1;6;5;1
813;136;visit;a2;1;2;1
814;136;visit;a3;6;5;1
815;136;visit;a4;4;3;1
816;136;visit;a5;4;3;1
817;137;visit;a0;3;3;1
818;137;visit;a1;5;4;1
819;137;visit;a2;2;1;1
820;137;visit;a3;5;6;1
821;137;visit;a4;3;2;1
822;137;visit;a5;3;3;1
823;138;visit;a0;3;2;1
824;138;visit;a1;4;5;1
825;138;visit;a2;1;6;1
826;138;visit;a3;6;5;1
827;138;visit;a4;2;3;1
828;138;visit;a5;3;4;1
829;139;visit;a0;2;1;1
830;139;visit;a1;5;4;1
831;139;visit;a2;6;6;1
832;139;visit;a3;5;4;1
833;139;visit;a4;3;3;1
834;139;visit;a5;4;5;1
835;140;visit;a0;1;6;1
836;140;visit;a1;4;3;1
837;140;visit;a2;6;1;1
838;140;visit;a3;4;5;1
839;140;visit;a4;3;3;1
840;140;visit;a5;5;6;1
841;141;visit;a0;6;6;1
842;141;visit;a1;3;3;1
843;141;visit;a2;1;1;1
844;141;visit;a3;5;5;1
845;141;visit;a4;3;4;1
846;141;visit;a5;6;1;1
847;142;visit;a0;6;6;1
848;142;visit;a1;3;4;1
849;142;visit;a2;1;1;1
850;142;visit;a3;5;6;1
851;142;visit;a4;4;5;1
852;142;visit;a5;1;1;1
853;143;visit;a0;6;1;1
854;143;visit;a1;4;3;1
855;143;visit;a2;1;6;1
856;143;visit;a3;6;1;1
857;143;visit;a4;5;4;1
858;143;visit;a5;1;2;1
859;144;visit;a0;1;2;1
860;144;visit;a1;3;3;1
861;144;visit;a2;6;6;1
862;144;visit;a3;1;1;1
863;144;visit;a4;4;5;1
864;144;visit;a5;2;3;1
865;145;visit;a0;2;3;1
866;145;visit;a1;3;3;1
867;145;visit;a2;6;5;1
868;145;visit;a3;1;1;1
869;145;visit;a4;5;5;1
870;145;visit;a5;3;2;1
871;146;visit;a0;3;3;1
872;146;visit;a1;3;2;1
873;146;visit;a2;5;4;1
874;146;visit;a3;1;6;1
875;146;visit;a4;5;5;1
876;146;visit;a5;2;3;1
877;147;visit;a0;3;3;1
878;147;visit;a1;2;3;1
879;147;visit;a2;4;3;1
880;147;visit;a3;6;6;1
881;147;visit;a4;5;5;1
882;147;visit;a5;3;2;1
883;148;visit;a0;3;4;1
884;148;visit;a1;3;4;1
885;148;visit;a2;3;3;1
886;148;visit;a3;6;5;1
887;148;visit;a4;5;4;1
888;148;visit;a5;2;2;1
889;149;visit;a0;4;3;1
890;149;visit;a1;4;4;1
891;149;visit;a2;3;3;1
892;149;visit;a3;5;5;1
893;149;visit;a4;4;3;1
894;149;visit;a5;2;2;1
895;150;visit;a0;3;3;1
896;150;visit;a1;4;5;1
897;150;visit;a2;3;2;1
898;150;visit;a3;5;6;1
899;150;visit;a4;3;4;1
900;150;visit;a5;2;1;1
901;151;visit;a0;3;4;1
902;151;visit;a1;5;4;1
903;151;visit;a2;2;1;1
904;151;visit;a3;6;5;1
905;151;visit;a4;4;3;1
906;151;visit;a5;1;2;1
907;152;visit;a0;4;4;1
908;152;visit;a1;4;4;1
909;152;visit;a2;1;1;1
910;152;visit;a3;5;4;1
911;152;visit;a4;3;4;1
912;152;visit;a5;2;1;1
913;153;visit;a0;4;3;1
914;153;visit;a1;4;3;1
915;153;visit;a2;1;6;1
916;153;visit;a3;4;3;1
917;153;visit;a4;4;3;1
918;153;visit;a5;1;6;1
919;154;visit;a0;3;2;1
920;154;visit;a1;3;2;1
921;154;visit;a2;6;6;1
922;154;visit;a3;3;2;1
923;154;visit;a4;3;3;1
924;154;visit;a5;6;6;1
925;155;visit;a0;2;2;1
926;155;visit;a1;2;3;1
927;155;visit;a2;6;5;1
928;155;visit;a3;2;1;1
929;155;visit;a4;3;3;1
930;155;visit;a5;6;5;1
931;156;visit;a0;2;1;1
932;156;visit;a1;3;4;1
933;156;visit;a2;5;4;1
934;156;visit;a3;1;6;1
935;156;visit;a4;3;2;1
936;156;visit;a5;5;4;1
937;157;visit;a0;1;2;1
938;157;visit;a1;4;5;1
939;157;visit;a2;4;3;1
940;157;visit;a3;6;6;1
941;157;visit;a4;2;2;1
942;157;visit;a5;4;4;1
943;158;visit;a0;2;1;1
944;158;visit;a1;5;5;1
945;158;visit;a2;3;3;1
946;158;visit;a3;6;1;1
947;158;visit;a4;2;2;1
948;158;visit;a5;4;4;1
949;159;visit;a0;1;2;1
950;159;visit;a1;5;6;1
951;159;visit;a2;3;4;1
952;159;visit;a3;1;2;1
953;159;visit;a4;2;1;1
954;159;visit;a5;4;3;1
955;160;visit;a0;2;2;1
956;160;visit;a1;6;6;1
957;160;visit;a2;4;3;1
958;160;visit;a3;2;3;1
959;160;visit;a4;1;2;1
960;160;visit;a5;3;2;1
961;161;visit;a0;2;3;1
962;161;visit;a1;6;6;1
963;161;visit;a2;3;3;1
964;161;visit;a3;3;3;1
965;161;visit;a4;2;2;1
966;161;visit;a5;2;1;1
967;162;visit;a0;3;3;1
968;162;visit;a1;6;1;1
969;162;visit;a2;3;3;1
970;162;visit;a3;3;3;1
971;162;visit;a4;2;2;1
972;162;visit;a5;1;2;1
973;163;visit;a0;3;2;1
974;163;visit;a1;1;6;1
975;163;visit;a2;3;3;1
976;163;visit;a3;3;2;1
977;163;visit;a4;2;3;1
978;163;visit;a5;2;3;1
979;164;visit;a0;2;1;1
980;164;visit;a1;6;5;1
981;164;visit;a2;3;2;1
982;164;visit;a3;2;3;1
983;164;visit;a4;3;3;1
984;164;visit;a5;3;4;1
985;165;visit;a0;1;2;1
986;165;visit;a1;5;5;1
987;165;visit;a2;2;3;1
988;165;visit;a3;3;4;1
989;165;visit;a4;3;4;1
990;165;visit;a5;4;5;1
991;166;visit;a0;2;1;1
992;166;visit;a1;5;4;1
993;166;visit;a2;3;2;1
994;166;visit;a3;4;5;1
995;166;visit;a4;4;3;1
996;166;visit;a5;5;6;1
997;167;visit;a0;1;2;1
998;167;visit;a1;4;4;1
999;167;visit;a2;2;2;1
1000;167;visit;a3;5;4;1
1001;167;visit;a4;3;4;1
1002;167;visit;a5;6;5;1
1003;168;visit;a0;2;1;1
1004;168;visit;a1;4;3;1
1005;168;visit;a2;2;3;1
1006;168;visit;a3;4;5;1
1007;168;visit;a4;4;3;1
1008;168;visit;a5;5;4;1
1009;169;visit;a0;1;2;1
1010;169;visit;a1;3;4;1
1011;169;visit;a2;3;4;1
1012;169;visit;a3;5;4;1
1013;169;visit;a4;3;2;1
1014;169;visit;a5;4;5;1
1015;170;visit;a0;2;3;1
1016;170;visit;a1;4;4;1
1017;170;visit;a2;4;3;1
1018;170;visit;a3;4;5;1
1019;170;visit;a4;2;1;1
1020;170;visit;a5;5;6;1
1021;171;visit;a0;3;4;1
1022;171;visit;a1;4;5;1
1023;171;visit;a2;3;4;1
1024;171;visit;a3;5;6;1
1025;171;visit;a4;1;2;1
1026;171;visit;a5;6;6;1
1027;172;visit;a0;4;5;1
1028;172;visit;a1;5;5;1
1029;172;visit;a2;4;5;1
1030;172;visit;a3;6;1;1
1031;172;visit;a4;2;2;1
1032;172;visit;a5;6;6;1
1033;173;visit;a0;5;6;1
1034;173;visit;a1;5;5;1
1035;173;visit;a2;5;5;1
1036;173;visit;a3;1;1;1
1037;173;visit;a4;2;3;1
1038;173;visit;a5;6;1;1
1039;174;visit;a0;6;5;1
1040;174;visit;a1;5;6;1
1041;174;visit;a2;5;4;1
1042;174;visit;a3;1;1;1
1043;174;visit;a4;3;3;1
1044;174;visit;a5;1;2;1
1045;175;visit;a0;5;5;1
1046;175;visit;a1;6;1;1
1047;175;visit;a2;4;3;1
1048;175;visit;a3;1;6;1
1049;175;visit;a4;3;3;1
1050;175;visit;a5;2;3;1
1051;176;visit;a0;5;4;1
1052;176;visit;a1;1;2;1
1053;176;visit;a2;3;2;1
1054;176;visit;a3;6;5;1
1055;176;visit;a4;3;3;1
1056;176;visit;a5;3;2;1
1057;177;visit;a0;4;4;1
1058;177;visit;a1;2;1;1
1059;177;visit;a2;2;1;1
1060;177;visit;a3;5;5;1
1061;177;visit;a4;3;4;1
1062;177;visit;a5;2;1;1
1063;178;visit;a0;4;4;1
1064;178;visit;a1;1;6;1
1065;178;visit;a2;1;6;1
1066;178;visit;a3;5;4;1
1067;178;visit;a4;4;4;1
1068;178;visit;a5;1;6;1
1069;179;visit;a0;4;5;1
1070;179;visit;a1;6;5;1
1071;179;visit;a2;6;1;1
1072;179;visit;a3;4;4;1
1073;179;visit;a4;4;3;1
1074;179;visit;a5;6;5;1
1075;180;visit;a0;5;6;1
1076;180;visit;a1;5;4;1
1077;180;visit;a2;1;1;1
1078;180;visit;a3;4;5;1
1079;180;visit;a4;3;3;1
1080;180;visit;a5;5;4;1
1081;181;visit;a0;6;6;1
1082;181;visit;a1;4;5;1
1083;181;visit;a2;1;1;1
1084;181;visit;a3;5;4;1
1085;181;visit;a4;3;2;1
1086;181;visit;a5;4;5;1
1087;182;visit;a0;6;1;1
1088;182;visit;a1;5;4;1
1089;182;visit;a2;1;2;1
1090;182;visit;a3;4;5;1
1091;182;visit;a4;2;2;1
1092;182;visit;a5;5;5;1
1093;183;visit;a0;1;2;1
1094;183;visit;a1;4;3;1
1095;183;visit;a2;2;2;1
1096;183;visit;a3;5;4;1
1097;183;visit;a4;2;3;1
1098;183;visit;a5;5;5;1
1099;184;visit;a0;2;3;1
1100;184;visit;a1;3;2;1
1101;184;visit;a2;2;1;1
1102;184;visit;a3;4;3;1
1103;184;visit;a4;3;4;1
1104;184;visit;a5;5;6;1
1105;185;visit;a0;3;4;1
1106;185;visit;a1;2;1;1
1107;185;visit;a2;1;1;1
1108;185;visit;a3;3;2;1
1109;185;visit;a4;4;5;1
1110;185;visit;a5;6;1;1
1111;186;visit;a0;4;5;1
1112;186;visit;a1;1;2;1
1113;186;visit;a2;1;1;1
1114;186;visit;a3;2;1;1
1115;186;visit;a4;5;6;1
1116;186;visit;a5;1;2;1
1117;187;visit;a0;5;4;1
1118;187;visit;a1;2;1;1
1119;187;visit;a2;1;2;1
1120;187;visit;a3;1;6;1
1121;187;visit;a4;6;6;1
1122;187;visit;a5;2;2;1
1123;188;visit;a0;4;5;1
1124;188;visit;a1;1;2;1
1125;188;visit;a2;2;3;1
1126;188;visit;a3;6;1;1
1127;188;visit;a4;6;6;1
1128;188;visit;a5;2;2;1
1129;189;visit;a0;5;6;1
1130;189;visit;a1;2;2;1
1131;189;visit;a2;3;3;1
1132;189;visit;a3;1;6;1
1133;189;visit;a4;6;1;1
1134;189;visit;a5;2;2;1
1135;190;visit;a0;6;5;1
1136;190;visit;a1;2;1;1
1137;190;visit;a2;3;4;1
1138;190;visit;a3;6;1;1
1139;190;visit;a4;1;1;1
1140;190;visit;a5;2;1;1
1141;191;visit;a0;5;6;1
1142;191;visit;a1;1;1;1
1143;191;visit;a2;4;4;1
1144;191;visit;a3;1;1;1
1145;191;visit;a4;1;6;1
1146;191;visit;a5;1;6;1
1147;192;visit;a0;6;6;1
1148;192;visit;a1;1;1;1
1149;192;visit;a2;4;3;1
1150;192;visit;a3;1;6;1
1151;192;visit;a4;6;1;1
1152;192;visit;a5;6;5;1
1153;193;visit;a0;6;5;1
1154;193;visit;a1;1;2;1
1155;193;visit;a2;3;4;1
1156;193;visit;a3;6;5;1
1157;193;visit;a4;1;2;1
1158;193;visit;a5;5;4;1
1159;194;visit;a0;5;5;1
1160;194;visit;a1;2;1;1
1161;194;visit;a2;4;4;1
1162;194;visit;a3;5;4;1
1163;194;visit;a4;2;2;1
1164;194;visit;a5;4;3;1
1165;195;visit;a0;5;5;1
1166;195;visit;a1;1;1;1
1167;195;visit;a2;4;4;1
1168;195;visit;a3;4;3;1
1169;195;visit;a4;2;3;1
1170;195;visit;a5;3;2;1
1171;196;visit;a0;5;6;1
1172;196;visit;a1;1;2;1
1173;196;visit;a2;4;4;1
1174;196;visit;a3;3;2;1
1175;196;visit;a4;3;4;1
1176;196;visit;a5;2;3;1
1177;197;visit;a0;6;5;1
1178;197;visit;a1;2;1;1
1179;197;visit;a2;4;3;1
1180;197;visit;a3;2;1;1
1181;197;visit;a4;4;4;1
1182;197;visit;a5;3;4;1
1183;198;visit;a0;5;5;1
1184;198;visit;a1;1;6;1
1185;198;visit;a2;3;4;1
1186;198;visit;a3;1;1;1
1187;198;visit;a4;4;5;1
1188;198;visit;a5;4;4;1
1189;199;visit;a0;5;6;1
1190;199;visit;a1;6;5;1
1191;199;visit;a2;4;5;1
1192;199;visit;a3;1;1;1
1193;199;visit;a4;5;6;1
1194;199;visit;a5;4;5;1
1195;200;visit;a0;6;5;1
1196;200;visit;a1;5;6;1
1197;200;visit;a2;5;4;1
1198;200;visit;a3;1;6;1
1199;200;visit;a4;6;6;1
1200;200;visit;a5;5;5;1
